image,num_classes
mask_p101.jpg,2
mask_p102.jpg,3
mask_p106.jpg,2
mask_p107.jpg,2
mask_p109.jpg,3
mask_p110.jpg,3
mask_p111.jpg,2
mask_p112.jpg,3
mask_p113.jpg,2
mask_p115.jpg,3
mask_p117.jpg,3
mask_p118.jpg,2
mask_p119.jpg,2
mask_p120.jpg,2
mask_p121.jpg,2
mask_p123.jpg,3
mask_p124.jpg,2
mask_p125.jpg,2
mask_p126.jpg,2
mask_p127.jpg,2
mask_p128.jpg,2
mask_p129.jpg,2
mask_p132.jpg,3
mask_p133.jpg,2
mask_p134.jpg,2
mask_p135.jpg,3
mask_p138.jpg,3
mask_p141.jpg,2
mask_p142.jpg,2
mask_p145.jpg,2
mask_p146.jpg,2
mask_p147.jpg,3
mask_p148.jpg,3
mask_p150.jpg,2
mask_p404.jpg,3
mask_p405.jpg,3
mask_p407.jpg,3
mask_p408.jpg,3
mask_p409.jpg,2
mask_p410.jpg,3
mask_p411.jpg,2
mask_p412.jpg,3
mask_p413.jpg,3
mask_p414.jpg,3
mask_p415.jpg,3
mask_p416.jpg,3
mask_p417.jpg,2
mask_p418.jpg,2
mask_p419.jpg,2
mask_p421.jpg,2
mask_p422.jpg,2
mask_p423.jpg,2
mask_p424.jpg,3
mask_p425.jpg,2
mask_p426.jpg,2
mask_p427.jpg,2
mask_p428.jpg,3
mask_p429.jpg,2
mask_p430.jpg,2
mask_p431.jpg,3
mask_p433.jpg,1
mask_p435.jpg,3
mask_p437.jpg,3
mask_p438.jpg,3
mask_p439.jpg,2
mask_p440.jpg,2
mask_p441.jpg,2
mask_p442.jpg,2
mask_p443.jpg,2
mask_p444.jpg,2
mask_p445.jpg,2
mask_p446.jpg,2
mask_p447.jpg,2
mask_p448.jpg,3
mask_p449.jpg,3
mask_p451.jpg,3
mask_p452.jpg,3
mask_p453.jpg,2
mask_p454.jpg,2
mask_p455.jpg,2
mask_p456.jpg,2
mask_p460.jpg,2
mask_p461.jpg,2
mask_p462.jpg,2
mask_p463.jpg,2
mask_p465.jpg,2
mask_p466.jpg,3
mask_p467.jpg,2
mask_p468.jpg,2
mask_p469.jpg,2
mask_p471.jpg,3
mask_p472.jpg,2
mask_p474.jpg,2
mask_p475.jpg,2
mask_p476.jpg,3
mask_p477.jpg,2
mask_p478.jpg,3
mask_p498.jpg,1
mask_p499.jpg,3
mask_p500.jpg,2
mask_p1032.jpg,2
mask_p1033.jpg,2
mask_p1034.jpg,2
mask_p1035.jpg,2
mask_p1036.jpg,2
mask_p1037.jpg,3
mask_p1038.jpg,2
mask_p1039.jpg,2
mask_p1041.jpg,2
mask_p1042.jpg,2
mask_p1043.jpg,2
mask_p1047.jpg,2
mask_p1048.jpg,2
mask_p1049.jpg,2
mask_p1051.jpg,3
mask_p1052.jpg,2
mask_p1054.jpg,3
mask_p1055.jpg,2
mask_p1056.jpg,3
mask_p1058.jpg,3
mask_p1059.jpg,2
mask_p1060.jpg,2
mask_p1061.jpg,2
mask_p1062.jpg,2
mask_p1063.jpg,2
mask_p1064.jpg,2
mask_p1065.jpg,2
mask_p1069.jpg,3
mask_p1070.jpg,2
mask_p1071.jpg,3
mask_p1072.jpg,2
mask_p1073.jpg,2
mask_p1074.jpg,2
mask_p1075.jpg,2
mask_p1076.jpg,2
mask_p1077.jpg,2
mask_p1078.jpg,2
mask_p1079.jpg,2
mask_p1080.jpg,2
mask_p1081.jpg,3
mask_p1082.jpg,2
mask_p1083.jpg,2
mask_p1084.jpg,2
mask_p1087.jpg,2
mask_p1088.jpg,2
mask_p1089.jpg,2
mask_p1090.jpg,2
mask_p1091.jpg,2
mask_p1092.jpg,2
mask_p1095.jpg,2
mask_p1096.jpg,2
mask_p1097.jpg,2
mask_p1098.jpg,2
mask_p1099.jpg,2
mask_p1100.jpg,2
mask_p1101.jpg,2
mask_p1102.jpg,2
mask_p1103.jpg,2
mask_p1104.jpg,2
mask_p1105.jpg,2
mask_p1106.jpg,2
mask_p1107.jpg,2
mask_p1108.jpg,2
mask_p1109.jpg,2
mask_p1110.jpg,2
mask_p1111.jpg,2
mask_p1112.jpg,2
mask_p1113.jpg,2
mask_p1114.jpg,2
mask_p1116.jpg,2
mask_p1117.jpg,2
mask_p1118.jpg,3
mask_p1119.jpg,2
mask_p1120.jpg,2
mask_p1121.jpg,2
mask_p1122.jpg,2
mask_p1125.jpg,3
mask_p1126.jpg,3
mask_p1127.jpg,3
mask_p1129.jpg,2
mask_p1130.jpg,3
mask_p1131.jpg,2
mask_p1133.jpg,2
mask_p1135.jpg,2
mask_p1137.jpg,2
mask_p1138.jpg,2
mask_p1139.jpg,2
mask_p1140.jpg,2
mask_p1141.jpg,2
mask_p1142.jpg,2
mask_p1144.jpg,2
mask_p1147.jpg,2
mask_p1148.jpg,2
mask_p1149.jpg,2
mask_p1153.jpg,2
mask_p1154.jpg,2
mask_p1155.jpg,2
mask_p1156.jpg,2
mask_p1157.jpg,2
mask_p1158.jpg,2
mask_p1159.jpg,2
mask_p1164.jpg,2
mask_p1165.jpg,2
mask_p1166.jpg,2
mask_p1167.jpg,2
mask_p1168.jpg,2
mask_p1169.jpg,2
mask_p1170.jpg,2
mask_p1173.jpg,2
mask_p1174.jpg,2
mask_p1176.jpg,2
mask_p1177.jpg,2
mask_p1178.jpg,2
mask_p1179.jpg,2
mask_p1180.jpg,2
mask_p1182.jpg,2
mask_p1183.jpg,2
mask_p1184.jpg,2
mask_p1185.jpg,2
mask_p1186.jpg,2
mask_p1187.jpg,2
mask_p1188.jpg,2
mask_p1189.jpg,2
mask_p1190.jpg,2
mask_p1192.jpg,2
mask_p1193.jpg,2
mask_p1194.jpg,2
mask_p1195.jpg,2
mask_p1196.jpg,2
mask_p1197.jpg,2
mask_p1199.jpg,3
mask_p1200.jpg,2
mask_p1201.jpg,2
mask_p1202.jpg,2
mask_p1203.jpg,2
mask_p1204.jpg,3
mask_p1207.jpg,2
mask_p1208.jpg,2
mask_p1212.jpg,2
mask_p1213.jpg,2
mask_p1214.jpg,2
mask_p1216.jpg,2
mask_p1217.jpg,3
mask_p1218.jpg,2
mask_p1219.jpg,2
mask_p1221.jpg,2
mask_p1224.jpg,2
mask_p1226.jpg,3
mask_p1227.jpg,2
mask_p1228.jpg,2
mask_p1229.jpg,2
mask_p1230.jpg,3
mask_p1231.jpg,2
mask_p1232.jpg,2
mask_p1233.jpg,4
mask_p1234.jpg,3
mask_p1235.jpg,2
mask_p1236.jpg,2
mask_p1238.jpg,3
mask_p1239.jpg,2
mask_p1240.jpg,2
mask_p1242.jpg,3
mask_p1243.jpg,1
mask_p1245.jpg,2
mask_p1246.jpg,2
mask_p1247.jpg,2
mask_p1248.jpg,2
mask_p1251.jpg,2
mask_p1253.jpg,2
mask_p1254.jpg,2
mask_p1256.jpg,2
mask_p1257.jpg,3
mask_p1258.jpg,3
mask_p1259.jpg,2
mask_p1260.jpg,2
mask_p1263.jpg,2
mask_p1264.jpg,2
mask_p1265.jpg,2
mask_p1266.jpg,2
mask_p1267.jpg,2
mask_p1268.jpg,2
mask_p1269.jpg,3
mask_p1271.jpg,2
mask_p1272.jpg,3
mask_p1274.jpg,2
mask_p1275.jpg,2
mask_p1277.jpg,2
mask_p1281.jpg,2
mask_p1284.jpg,2
mask_p1285.jpg,2
mask_p1286.jpg,3
mask_p1287.jpg,2
mask_p1288.jpg,2
mask_p1291.jpg,2
mask_p1292.jpg,2
mask_p1293.jpg,2
mask_p1294.jpg,2
mask_p1295.jpg,2
mask_p1297.jpg,2
mask_p1298.jpg,2
mask_p1299.jpg,2
mask_p1302.jpg,2
mask_p1303.jpg,2
mask_p1304.jpg,2
mask_p1305.jpg,1
mask_p1306.jpg,2
mask_p1308.jpg,2
mask_p1309.jpg,2
mask_p1310.jpg,2
mask_p1312.jpg,2
mask_p1313.jpg,2
mask_p1314.jpg,2
mask_p1316.jpg,2
mask_p1318.jpg,2
mask_p1320.jpg,2
mask_p1321.jpg,2
mask_p1323.jpg,2
mask_p1324.jpg,2
mask_p1325.jpg,2
mask_p1326.jpg,2
mask_p1328.jpg,3
mask_p1331.jpg,2
mask_p1332.jpg,2
mask_p1333.jpg,2
mask_p1334.jpg,2
mask_p1335.jpg,2
mask_p1336.jpg,2
mask_p1337.jpg,2
mask_p1341.jpg,2
mask_p1342.jpg,2
mask_p1343.jpg,2
mask_p1344.jpg,2
mask_p1345.jpg,2
mask_p1346.jpg,2
mask_p1347.jpg,2
mask_p1349.jpg,2
mask_p1350.jpg,2
mask_p1352.jpg,2
mask_p1354.jpg,2
mask_p1355.jpg,3
mask_p1356.jpg,2
mask_p1357.jpg,2
mask_p1358.jpg,2
mask_p1406.jpg,3
mask_p1407.jpg,2
mask_p1408.jpg,2
mask_p1410.jpg,2
mask_p1412.jpg,2
mask_p1413.jpg,3
mask_p1414.jpg,2
mask_p1416.jpg,2
mask_p1417.jpg,3
mask_p1418.jpg,2
mask_p1424.jpg,2
mask_p1425.jpg,2
mask_p1427.jpg,2
mask_p1428.jpg,2
mask_p1429.jpg,2
mask_p1431.jpg,2
mask_p1433.jpg,2
mask_p1439.jpg,2
mask_p1440.jpg,3
mask_p1442.jpg,2
mask_p1443.jpg,2
mask_p1445.jpg,2
mask_p1449.jpg,2
mask_p1450.jpg,3
mask_p1923.jpg,5
mask_p1925.jpg,2
mask_p1926.jpg,2
mask_p1928.jpg,2
mask_p1930.jpg,3
mask_p1931.jpg,2
mask_p1932.jpg,2
mask_p1934.jpg,2
mask_p1935.jpg,2
mask_p1936.jpg,2
mask_p1939.jpg,3
mask_p1940.jpg,3
mask_p1941.jpg,3
mask_p1942.jpg,2
mask_p1943.jpg,2
mask_p1944.jpg,3
mask_p1946.jpg,3
mask_p1948.jpg,3
mask_p1949.jpg,2
mask_p1950.jpg,2
mask_p1951.jpg,2
mask_p1952.jpg,2
mask_p1953.jpg,2
mask_p1955.jpg,2
mask_p1956.jpg,2
mask_p1957.jpg,2
mask_p1959.jpg,2
mask_p1960.jpg,2
mask_p1961.jpg,2
mask_p1962.jpg,2
mask_p1963.jpg,2
mask_p1965.jpg,2
mask_p1966.jpg,3
mask_p1968.jpg,2
mask_p1969.jpg,2
mask_p1970.jpg,2
mask_p1971.jpg,2
mask_p1972.jpg,2
mask_p1973.jpg,2
mask_p1974.jpg,3
mask_p1977.jpg,2
mask_p1978.jpg,2
mask_p1979.jpg,3
mask_p1980.jpg,3
mask_p1981.jpg,4
mask_p1982.jpg,2
mask_p1983.jpg,3
mask_p1984.jpg,2
mask_p1985.jpg,2
mask_p1986.jpg,2
mask_p1987.jpg,2
mask_p1988.jpg,2
mask_p1989.jpg,2
mask_p1990.jpg,3
mask_p1992.jpg,3
mask_p1993.jpg,3
mask_p1994.jpg,3
mask_p1995.jpg,3
mask_p1997.jpg,2
mask_p1998.jpg,3
mask_p1999.jpg,2
mask_p2000.jpg,3
mask_p2001.jpg,2
mask_p2002.jpg,3
mask_p2003.jpg,2
mask_p2004.jpg,2
mask_p2005.jpg,2
mask_p2006.jpg,2
mask_p2007.jpg,2
mask_p2008.jpg,2
mask_p2009.jpg,2
mask_p2011.jpg,2
mask_p2012.jpg,2
mask_p2013.jpg,2
mask_p2014.jpg,2
mask_p2015.jpg,3
mask_p2016.jpg,3
mask_p2017.jpg,3
mask_p2018.jpg,2
mask_p2019.jpg,2
mask_p2020.jpg,3
mask_p2021.jpg,3
mask_p2022.jpg,3
mask_p2023.jpg,2
mask_p2024.jpg,2
mask_p2026.jpg,3
mask_p2027.jpg,2
mask_p2028.jpg,2
mask_p2029.jpg,2
